idx,text,annotator1,annotator2
6,"He seems like a very real, down to earth person every time he speaks. Very regular everyday normal guy (Lajoie reference 😄) . Some people are rubbed the wrong way by the competitor in him, but the person Max seems quite cool and chill to hang out with.",analysis,hot_take
8,"Apart from that time a few months ago where he demanded a journalist leave a press conference because he said something Verstappen didn't like. At the time a lot of people on Reddit backed the journalist, but its back to acting like its Saint Verstappen again",reaction,hot_take
12,"The layout of the buttons and paddles is usually standardised, although Williams made a totally custom wheel for Kubica, and Hamilton always used a different clutch padel setup at Mercedes compared to Bottas, so customisation is possible. What the buttons actually do can also be configured for driver preference, and you often see this when comparing images of teammates steering wheels. It's not uncommon to have two different button layouts depending on driver preference.",analysis,analysis
40,oh crikey me face has melted off,joke,reaction
41,"https://youtu.be/qqXi8WmQ\_WM?is=7j2TVIMTG\_jScjD4 Wanted to link to just ”show the kids”. Didn’t realise it’s fucking 18 years ago, fuck me",reaction,reaction
50,"The issue wasn't necessarily sealing the floor itself (it was actually quite good at that, even too good) but more that Mercedes assumed they could control their rear ride heights a lot better than they actually could.",analysis,analysis
52,"Considered but crucially, ultimately dumped. That whole idea fell apart pretty brutally hard (not just the zeropods, admittedly) once the rubber met the road. Of course a Venturi car is going to be REALLY fast if you've got an absolute fuckload of floor surface and you run it extremely close to the track. The problem is rear ride height control and Mercedes could never figure that out. I don't think there was any figuring that out without straight up active suspension, though.",analysis,analysis
57,"I think that was also partially a hang over from their dominant phase. There was a series of articles on the BBC by someone called secret F1 aerodynamicst, widely believed to be James Allison, who talked about how Mercedes always went against the grain in the old regulation set pre ground effect which obviously worked very well for them then. The primary example was Mercedes’ low rake philosophy and how the entire grid pursued the Newey lead high rake philosophy. I think Mercedes was just hellbent on sticking to that kind of philosophy in the ground effect era too hoping it would magically click",analysis,analysis
63,"honestly no doubt. Cadillac has people with fresh perspectives, while Williams was in a catch up state for so long that they're pavlov'd to it. Even their monaco winglets were an overnight thing instead of an innovation planned months before.",reaction,hot_take
71,Please be Aston. Please have Aston try next.,reaction,reaction
72,Aston will fuck it up and make a rotisserie wing that doesn't stop.,joke,joke
77,"Oh wait, we already saw that one. His teammate can predict weather too",joke,joke
80,Nothing in the rule book about putting a big block in,hot_take,joke
82,They'd still out pace Aston Martin,reaction,hot_take
94,The big upgrade package is new lug nuts.,hot_take,joke
100,"And if everyone reads the article in its entirety, they would realize he actually complied with them and humbly took classes and such to compete. He hasn’t made a stink at all and has been first class about it imo",hot_take,hot_take
104,Making him take the tests was completely reasonable. The track has its own set of rules that he needed to learn and they needed to know he understood. They need to keep other drivers safe too.,reaction,hot_take
120,"They’re just kind of boned for the rest of the season apparently. They’ve said it’s a problem with the guns, but given the way f1 logistics work so far in advance it’s not clear they’ll be able to replace any of them before the seasons out. edit: to be clear I also think this is goofy, but that's the reason they're giving. Not sure if there's a weird cost cap/FIA rule that affects this, but that's what's being reported. The Race podcast, as u/Wingcapx noted.",analysis,analysis
125,"how does every team that gets in bed with honda hit the exact same problems every time and everyone involved is like ""how could we have known?"" It's baffling to me, Honda have a very odd attitude to this projects and teams keep asking honda to hit these shorter development cycles than everyone else for no reason i can fathom. AM had merc engines, they could have signed a deal for another year kept the honda deal quiet and just changed a year later. But they should know who was going to be working for honda, the exact size of the workforce, how much they were going to invest all before signing a deal. they should have a permanent team who can speak japanese over there working with them and constant communication between the teams. Honda/japanese work culture issues and the way to mitigate them has somehow been a problem and then has to be fixed the exact same way each time yet each new deal faces the same issues over and over again. Even last time, honda themselves didn't exactly create a good engine, they had to replace the boss then they had to bring in ilmor to fix half their problems and make the engine not shite.",hot_take,analysis
128,"I highly doubt he's doing a multivariate linear mixed effects model for this... Even if he is, the LMM would have to rely quite a bit on partial pooling which would shrink the estimates quite severely since the data is pretty limited. I'm not even going to get into the assumptions of this model including normality, constant variance (with a Frequentist framework even modelling sigma is hard and pretty much impossible with this amount of data, etc. It's a meme analysis but I always get concerned since a ton of poeple may not understand that.",analysis,analysis
134,"Absolutely, next year will be fun if he gets the championship this year, he'll have much more weight to thrown around. And you can bet Mark is aware of everything and knows how to play this to give him the best future in the sport.",hot_take,hot_take
136,Oh he absolutely will. The entire f1 disagreeing with this switch too will definitely help his cause. Lando owes him at the end of the season for these measly 3 points.,hot_take,hot_take
140,"Mclaren were a hair away from not winning the wdc with a significantly better car than red bull. Doesnt sound like a good plan for red bull, who only care about the WDC (or have done under horner)",reaction,analysis
145,"It’s the better thing to do, but not for us fans unfortunately. Give me a Max/Lewis/Nando meltdown on camera man. Ignite the fire. I’m sure it’ll be heated behind closed doors, I just want some of that heat escaping.",hot_take,reaction
147,Spill ALL the tea Checo! 👀🍿,hot_take,reaction
150,"Fuck, this was so in in nz, 8am start, watch the race then go to work, now I gotta wake up at 5am",reaction,reaction
152,6am start to a 3am start booo 😂,joke,reaction
166,Max being the first F1 driver to win in a Ferrari this year is diabolical,joke,joke
174,"Ah man, even without rain, the race will probably go crazy anyways, but I'm still hoping.",hot_take,reaction
175,"Wet race (or drying track at least) Sprint weekend All other sessions are hot and dry Lower downforce, twitchy cars A bunch of untested reg changes Could be in for a truly chaotic weekend, fingers crossed",reaction,analysis
177,I was a massive Damon Hill fan and I still haven't got over that,hot_take,reaction
192,"This incident had nothing to do with the brakes. His left front tire was covered in asphalt marbles from driving over the broken up section on the outer left side of the corner, just like Stroll. Drivers barely even use the brakes into the final corner, they use them much more into the second to last corner after the swimming pool section. He avoided that part on all the safety car laps before, but as it was ending he fucked up and drove directly over it. It was 100% his fault.",reaction,analysis
